4,2022-11-16 12:49:43,20993318856,data16_13TeV,2022-11-14 12:42:49,2022-11-14 09:33:50,None,None,None,4,data16_13TeV.00310468.physics_ZeroBias.merge.AOD.r9264_p3083_tid31234886_00,310468,2022-11-16 12:50:11
None,None,None,None,2016-10-13 13:05:47,2016-10-13 06:04:22,None,None,None,415,data16_13TeV.00310473.calibration_IDTracks.merge.RAW,310473,2022-04-20 18:40:08
None,None,7259880752,None,2016-10-13 12:11:50,2016-10-13 07:01:54,None,None,None,8,data16_13TeV.00310473.calibration_lucid.daq.RAW,310473,2022-04-20 18:39:35
None,None,23802916,None,2016-10-13 12:09:18,2016-10-13 06:09:34,None,None,None,9,data16_13TeV.00310473.debug_all.daq.RAW,310473,2022-04-20 18:24:45
10836,2023-02-16 23:06:42,753371961662,data16_13TeV,2017-05-05 08:34:40,2017-05-02 09:42:22,None,None,None,1202,data16_13TeV.00310473.physics_BphysDelayed.merge.AOD.r9264_p3083_tid11270417_00,310473,2023-02-16 23:06:53
None,None,2590571904384,None,2016-10-13 12:21:17,2016-10-13 05:56:37,None,None,None,2474,data16_13TeV.00310473.physics_ExoDelayed.daq.RAW,310473,2022-04-20 18:39:27
303244,2023-02-25 04:06:44,8725190499254,data16_13TeV:rel21repro,2017-04-05 13:01:38,2017-03-31 01:12:40,None,None,None,2893,data16_13TeV.00310473.physics_Main.merge.AOD.r9264_p3083_tid11071834_00,310473,2023-02-25 04:07:41
1181,2020-07-24 03:46:27,2487083744536,data16_13TeV,2020-03-23 05:45:27,2020-03-22 03:30:52,None,None,None,293,data16_13TeV.00310473.physics_Main.merge.DAOD_RPVLL.r11782_r11784_p4072_tid20778782_00,310473,2022-04-20 18:29:59
4,2022-02-28 14:17:21,42340256686,data16_13TeV:rel22repro,2022-01-13 01:22:59,2022-01-12 20:33:05,None,None,None,4,data16_13TeV.00310473.physics_Main.merge.DAOD_ZMUMU.r13286_r13313_p4910_tid27815632_00,310473,2022-02-28 14:17:32
27,2021-07-27 20:30:01,81939949402,data16_13TeV,2021-07-27 19:48:43,2021-07-20 04:13:00,None,None,None,72,data16_13TeV.00310473.physics_Main.merge.DESDM_EXOTHIP.r12746_p3833_tid26232321_00,310473,2021-07-27 20:30:23
1591,2020-08-03 19:24:39,3096775549652,data16_13TeV,2020-03-20 23:19:45,2020-03-18 02:52:07,None,None,None,6303,data16_13TeV.00310473.physics_Main.recon.DRAW_RPVLL.r11782_tid20777366_00,310473,2022-04-20 18:28:03
3868,2020-09-07 15:06:40,3030601148252,data16_13TeV,2020-08-28 16:12:04,2020-08-23 20:53:06,None,None,None,6290,data16_13TeV.00310473.physics_Main.recon.DRAW_RPVLL.r11969_tid22357043_00,310473,2022-04-20 18:33:58
None,None,68937584,None,2016-10-14 03:51:33,2016-10-13 22:05:23,None,None,None,40,data16_13TeV.00310540.calibration_LArCells.daq.RAW,310540,2022-04-20 18:39:47
None,None,2479105956,None,2016-10-14 04:07:37,2016-10-13 22:07:58,None,None,None,414,data16_13TeV.00310540.physics_Standby.merge.RAW,310540,2022-04-20 18:39:52
None,None,10825746524,data16,2021-12-01 07:28:17,2021-12-01 07:20:48,None,None,None,2,data16_13TeV.00310574.calibration_DataScouting_05_Jets.archive.RAW.p3752_tid27498661_00,310574,2021-12-01 07:28:17
None,None,598635747132,None,2016-10-14 12:10:52,2016-10-14 09:17:46,None,None,None,233,data16_13TeV.00310574.calibration_L1CaloCalib.daq.RAW,310574,2022-04-20 18:39:52
None,None,18885427284,None,2016-10-14 12:10:52,2016-10-14 08:14:33,None,None,None,34,data16_13TeV.00310574.calibration_LArCells.daq.RAW,310574,2022-04-20 18:40:27
None,2017-10-04 17:08:31,42751538334,data16_13TeV,2016-11-20 22:58:13,2016-11-14 19:44:08,None,None,None,256,data16_13TeV.00310574.physics_BphysDelayed.merge.AOD.r8777_p2884_tid09897893_00,310574,2022-04-20 18:22:13
1620,2023-02-16 10:20:46,31484786140,data16_13TeV,2017-05-02 23:22:35,2017-05-01 14:17:06,None,None,None,206,data16_13TeV.00310574.physics_BphysDelayed.merge.AOD.r9264_p3083_tid11270419_00,310574,2023-02-16 10:21:26
None,2017-06-07 11:08:39,1837869257148,data16_13TeV,2017-06-09 13:48:17,2017-06-04 10:31:04,None,None,None,5446,data16_13TeV.00310574.physics_EnhancedBias.recon.RAW.f787_m1616_r9605_tid11448780_00,310574,2022-04-20 18:27:36
None,2016-11-07 09:23:57,2353219400004,data16_13TeV,2016-11-06 14:57:18,2016-11-05 18:33:48,None,None,None,6416,data16_13TeV.00310574.physics_EnhancedBias.recon.RAW.r8717_tid09816602_00,310574,2022-04-20 18:33:27
None,2016-11-12 19:07:47,2443898586172,data16_13TeV,2016-11-11 17:31:58,2016-11-10 14:00:04,None,None,None,6433,data16_13TeV.00310574.physics_EnhancedBias.recon.RAW.r8743_tid09858304_00,310574,2022-04-20 18:36:14
None,None,848576,None,2016-10-14 16:17:02,2016-10-14 16:14:27,None,None,None,2,data16_13TeV.00310629.calibration_LArNoiseBurst.daq.RAW,310629,2022-04-20 18:39:16
None,None,10082744,None,2016-10-14 16:17:01,2016-10-14 16:14:26,None,None,None,2,data16_13TeV.00310629.calibration_lucid.daq.RAW,310629,2022-04-20 18:39:57
None,None,10932100,None,2016-10-14 16:21:43,2016-10-14 16:19:06,None,None,None,17,data16_13TeV.00310629.physics_HLT_IDCosmic.merge.RAW,310629,2022-04-20 18:39:48
None,None,138838536,None,2016-10-14 16:21:43,2016-10-14 16:19:06,None,None,None,28,data16_13TeV.00310629.physics_Standby.merge.RAW,310629,2022-04-20 18:39:10
30,2021-10-19 04:11:21,18303025181,data16_13TeV,2021-05-13 22:49:26,2021-05-13 17:55:53,None,None,None,6,data16_13TeV.00310632.physics_Background.merge.DAOD_IDNCB.r12566_p4457_tid25419735_00,310632,2021-10-19 04:12:13
None,None,26523806930,data16,2019-02-18 19:32:48,2019-02-18 18:35:14,None,None,None,3,data16_13TeV.00310632.physics_CosmicCalo.archive.RAW.p3752_tid17141726_00,310632,2022-04-20 18:33:12
93,2022-03-01 19:28:05,568478988589,data16_13TeV,2021-12-08 11:56:27,2021-11-30 21:03:49,None,None,None,394,data16_13TeV.00310634.calibration_DataScouting_05_Jets.merge.AOD.r10657_p3592_tid27456626_00,310634,2022-03-01 19:29:04
None,None,501646822036,None,2016-10-15 18:43:40,2016-10-14 19:22:03,None,None,None,240,data16_13TeV.00310634.calibration_LArNoiseBurst.daq.RAW,310634,2022-04-20 18:23:51
None,None,969995501382,data16,2019-02-24 21:21:05,2019-02-21 21:49:30,None,None,None,96,data16_13TeV.00310634.physics_Background.archive.RAW.p3752_tid17199545_00,310634,2022-04-20 18:37:15
None,None,296969674836,None,2016-10-15 19:42:13,2016-10-15 19:01:46,None,None,None,1486,data16_13TeV.00310634.physics_HLT_IDCosmic.merge.RAW,310634,2022-04-20 18:39:53
None,None,4161657448154,data16,2018-07-10 19:36:09,2018-07-06 09:57:15,None,None,None,1499,data16_13TeV.00310634.physics_Main.archive.DRAW_RPVLL.r9264_p3579_tid14548957_00,310634,2022-04-20 18:22:19
13736,2023-02-25 07:57:59,2843354470165,data16_13TeV,2018-06-19 23:59:31,2018-06-14 15:09:52,None,None,None,4876,data16_13TeV.00310634.physics_Main.merge.DAOD_RPVLL.r9264_r10573_p3578_tid14401617_00,310634,2023-02-25 07:58:47
None,None,4595535217419,data16_13TeV,2021-08-29 15:29:29,2021-07-28 23:11:46,None,None,None,715,data16_13TeV.00310634.physics_Main.merge.DESDM_EGAMMA.r12746_p3833_p3833_tid26231693_00,310634,2021-08-29 15:29:29
None,None,1896974188480,data16_13TeV,2021-08-31 13:43:59,2021-08-09 16:55:04,None,None,None,404,data16_13TeV.00310634.physics_Main.merge.DESDM_EMU.r12746_r12746_p3833_p3833_tid26236384_00,310634,2021-08-31 13:43:59
2177,2023-02-26 16:11:50,1049726606476,None,2016-10-15 21:04:36,2016-10-14 19:29:52,None,None,None,1469,data16_13TeV.00310634.physics_ZeroBias.merge.RAW,310634,2023-02-26 16:12:46
29,2022-03-01 11:26:59,349635534343,data16_13TeV,2021-12-10 20:35:42,2021-12-06 03:41:41,None,None,None,229,data16_13TeV.00310691.calibration_DataScouting_05_Jets.merge.AOD.r10657_p3592_tid27456628_00,310691,2022-03-01 11:27:20
None,None,3349549316,None,2016-10-16 09:31:38,2016-10-15 23:35:25,None,None,None,72,data16_13TeV.00310691.calibration_SCTNoise.daq.RAW,310691,2022-04-20 18:27:16
None,1970-01-18 03:58:44,3920136,None,2016-10-16 09:10:54,2016-10-16 01:27:22,None,None,None,4,data16_13TeV.00310691.calibration_TgcNoiseBurst.daq.RAW,310691,2022-04-20 18:29:42
251,2020-09-11 04:19:55,11448116044,data16_13TeV:rel21repro,2017-04-07 02:16:09,2017-03-31 21:35:25,None,None,None,9,data16_13TeV.00310691.physics_Main.merge.DAOD_IDTIDE.r9264_p3083_p3083_tid11071894_00,310691,2022-04-20 18:39:41
None,None,1446763392071,data16_13TeV,2021-08-31 14:36:16,2021-08-09 16:04:53,None,None,None,339,data16_13TeV.00310691.physics_Main.merge.DESDM_EMU.r12746_r12746_p3833_p3833_tid26236388_00,310691,2021-08-31 14:36:16
84,2022-04-08 06:24:42,1204122957015,data16_13TeV:rel22repro,2022-05-03 18:13:10,2021-12-18 09:12:37,None,None,None,126,data16_13TeV.00310691.physics_Main.merge.DESDM_MCP.r13286_p4913_tid27639880_00,310691,2022-05-03 18:13:10
None,None,572487240921,data16_13TeV,2021-08-29 16:42:47,2021-08-01 12:53:36,None,None,None,101,data16_13TeV.00310691.physics_Main.merge.DESDM_SGLEL.r12746_p3833_p3833_tid26228096_00,310691,2021-08-29 16:42:47
3004,2020-06-11 14:54:38,3932076601464,data16_13TeV,2020-03-21 19:49:20,2020-03-18 23:52:51,None,None,None,8917,data16_13TeV.00310691.physics_Main.recon.DRAW_RPVLL.r11782_tid20777377_00,310691,2022-04-20 18:30:25
None,None,75292384624,None,2016-10-16 09:59:06,2016-10-15 23:14:43,None,None,None,722,data16_13TeV.00310691.physics_Mistimed.merge.RAW,310691,2022-04-20 18:21:01
83,2022-03-01 06:53:02,422701263063,data16_13TeV,2021-12-12 10:46:17,2021-12-01 16:02:12,None,None,None,468,data16_13TeV.00310738.calibration_DataScouting_05_Jets.merge.AOD.r10657_p3592_tid27456630_00,310738,2022-03-01 06:53:30
919,2021-12-01 10:54:24,672366881916,None,2016-10-17 11:06:46,2016-10-17 10:56:23,None,None,None,933,data16_13TeV.00310738.calibration_DataScouting_05_Jets.merge.RAW,310738,2022-04-20 18:32:09
None,None,14714460824,None,2016-10-17 10:30:59,2016-10-16 21:53:45,None,None,None,14,data16_13TeV.00310738.calibration_lucid.daq.RAW,310738,2022-04-20 18:29:12
None,2017-10-04 23:29:33,1808326790599,data16_13TeV,2016-11-22 17:40:04,2016-11-21 06:34:25,None,None,None,1586,data16_13TeV.00310738.physics_BphysDelayed.merge.AOD.r8777_p2884_tid09897911_00,310738,2022-04-20 18:32:12
None,None,4677394437252,None,2016-10-17 10:46:09,2016-10-16 20:43:17,None,None,None,5591,data16_13TeV.00310738.physics_ExoDelayed.daq.RAW,310738,2022-04-20 18:22:24
8826,2023-02-25 07:57:29,2569254792783,data16_13TeV,2018-06-21 12:04:10,2018-06-14 15:09:17,None,None,None,3836,data16_13TeV.00310738.physics_Main.merge.DAOD_RPVLL.r9264_r10573_p3578_tid14401629_00,310738,2023-02-25 07:57:52
34,2021-07-29 16:16:37,151656171550,data16_13TeV,2021-07-29 15:23:24,2021-07-20 22:41:03,None,None,None,134,data16_13TeV.00310738.physics_Main.merge.DESDM_EXOTHIP.r12746_p3833_tid26232333_00,310738,2021-07-29 16:17:09
3460,2020-09-07 16:01:42,4386725348532,data16_13TeV,2020-08-28 03:50:45,2020-08-23 20:52:40,None,None,None,11480,data16_13TeV.00310738.physics_Main.recon.DRAW_RPVLL.r11969_tid22357066_00,310738,2022-04-20 18:34:35
None,None,528403401088,None,2016-10-17 11:06:46,2016-10-16 19:57:10,None,None,None,323,data16_13TeV.00310738.physics_Standby.merge.RAW,310738,2022-04-20 18:30:10
5,2022-11-17 07:36:53,50704009861,data16_13TeV,2022-11-15 11:20:15,2022-11-14 09:35:20,None,None,None,5,data16_13TeV.00310738.physics_ZeroBias.merge.AOD.r9264_p3083_tid31234899_00,310738,2022-11-17 07:37:29
None,None,14250244,None,2016-10-17 19:31:00,2016-10-17 14:30:26,None,None,None,15,data16_13TeV.00310781.calibration_LArNoiseBurst.daq.RAW,310781,2022-04-20 18:32:39
1016,2021-05-17 16:25:35,3154224408,None,2016-10-17 20:30:07,2016-10-17 14:36:39,None,None,None,291,data16_13TeV.00310781.physics_Background.merge.RAW,310781,2022-04-20 18:40:13
None,None,104932776,None,2016-10-17 20:59:38,2016-10-17 20:57:03,None,None,None,6,data16_13TeV.00310808.calibration_LArCellsEmpty.daq.RAW,310808,2022-04-20 18:33:47
None,None,4266320,None,2016-10-17 20:59:38,2016-10-17 20:57:02,None,None,None,2,data16_13TeV.00310808.calibration_lucid.daq.RAW,310808,2022-04-20 18:32:48
None,None,1509021614,data16,2019-02-18 20:32:39,2019-02-18 18:36:20,None,None,None,1,data16_13TeV.00310808.physics_CosmicCalo.archive.RAW.p3752_tid17141736_00,310808,2022-04-20 18:34:52
74,2022-03-01 10:55:20,497680019994,data16_13TeV,2021-12-13 15:32:19,2021-12-06 18:14:03,None,None,None,361,data16_13TeV.00310809.calibration_DataScouting_05_Jets.merge.AOD.r10657_p3592_tid27456632_00,310809,2022-03-01 10:56:00
None,None,329963002604,None,2016-10-18 17:10:48,2016-10-17 23:00:26,None,None,None,180,data16_13TeV.00310809.calibration_LArCells.daq.RAW,310809,2022-04-20 18:31:51
21,2021-06-23 12:17:44,25358400,None,2016-10-19 13:56:55,2016-10-19 13:54:17,None,None,None,1,data16_13TeV.00310809.debugrec_hlt.merge.RAW.g53,310809,2022-04-20 18:34:00
None,2017-10-04 21:59:27,2074382513159,data16_13TeV,2016-11-23 03:27:25,2016-11-21 06:34:20,None,None,None,1588,data16_13TeV.00310809.physics_BphysDelayed.merge.AOD.r8777_p2884_tid09897919_00,310809,2022-04-20 18:36:07
None,None,5254787017636,None,2016-10-18 17:10:53,2016-10-17 23:03:03,None,None,None,6554,data16_13TeV.00310809.physics_ExoDelayed.daq.RAW,310809,2022-04-20 18:30:09
None,None,3970576342366,data16,2018-07-11 18:19:44,2018-07-06 10:16:21,None,None,None,1139,data16_13TeV.00310809.physics_Main.archive.DRAW_RPVLL.r9264_p3579_tid14549136_00,310809,2022-04-20 18:24:55
50,2023-03-15 14:35:02,19793602271,data16_13TeV:rel22repro,2021-12-29 09:15:19,2021-12-27 04:02:20,None,None,None,7,data16_13TeV.00310809.physics_Main.merge.DAOD_IDTIDE.r13286_p4911_tid27640069_00,310809,2023-03-15 14:35:32
None,None,619917764511,data16_13TeV,2021-08-05 16:54:08,2021-08-04 22:51:14,None,None,None,123,data16_13TeV.00310809.physics_Main.merge.DESDM_EGZ.r12746_r12746_p3833_p3833_tid26234173_00,310809,2021-08-05 16:54:08
79,2023-02-25 08:23:06,198462693485,None,2016-10-24 06:12:04,2016-10-22 01:04:43,None,None,None,121,data16_13TeV.00310809.physics_Main.merge.DESDM_EXOTHIP.f756_m1714,310809,2023-02-25 08:23:56
16,2021-08-25 21:06:24,184801291196,data16_13TeV,2021-08-04 19:42:44,2021-08-01 17:15:07,None,None,None,33,data16_13TeV.00310809.physics_Main.merge.DESDM_EXOTHIP.r12746_p3833_p3833_tid26232339_00,310809,2021-08-25 21:07:10
5,2022-11-16 16:26:10,60007937523,data16_13TeV,2022-11-14 13:56:19,2022-11-14 09:35:20,None,None,None,6,data16_13TeV.00310809.physics_ZeroBias.merge.AOD.r9264_p3083_tid31234902_00,310809,2022-11-16 16:26:49
12,2022-02-28 21:40:53,128960695977,data16_13TeV,2021-12-02 02:27:22,2021-11-27 11:32:38,None,None,None,52,data16_13TeV.00310863.calibration_DataScouting_05_Jets.merge.AOD.r10657_p3592_tid27456634_00,310863,2022-02-28 21:41:24
None,None,2673850416,None,2016-10-18 22:47:45,2016-10-18 20:39:07,None,None,None,18,data16_13TeV.00310863.calibration_PixelNoise.daq.RAW,310863,2022-04-20 18:34:54
None,None,3188573224,None,2016-10-18 22:18:44,2016-10-18 21:05:33,None,None,None,4,data16_13TeV.00310863.calibration_lucid.daq.RAW,310863,2022-04-20 18:33:20
930,2021-08-12 19:04:04,374710165164,None,2016-10-18 23:32:51,2016-10-18 19:33:18,None,None,None,310,data16_13TeV.00310863.physics_Background.merge.RAW,310863,2022-04-20 18:31:32
6195,2023-02-20 20:34:42,428280397134,data16_13TeV,2017-05-06 14:54:10,2017-05-01 18:21:48,None,None,None,353,data16_13TeV.00310863.physics_BphysDelayed.merge.AOD.r9264_p3083_tid11270429_00,310863,2023-02-20 20:35:31
None,None,1858963249744,data16_13TeV,2020-09-02 00:11:55,2020-08-30 12:13:25,None,None,None,185,data16_13TeV.00310863.physics_Main.archive.DRAW_RPVLL.r11969_p4071_tid22357084_00,310863,2022-04-20 18:35:18
7693,2023-03-10 16:56:57,5038403961314,data16_13TeV:rel22repro,2021-12-26 13:53:03,2021-12-24 04:31:43,None,None,None,619,data16_13TeV.00310863.physics_Main.merge.AOD.r13286_p4910_tid27639966_00,310863,2023-03-10 16:57:56
None,None,599186602777,data16_13TeV,2021-09-05 19:42:32,2021-08-04 12:54:11,None,None,None,95,data16_13TeV.00310863.physics_Main.merge.DESDM_MCP.r12746_p3833_p3833_tid26229611_00,310863,2021-09-05 19:42:33
51,2022-04-08 21:32:57,519665835246,data16_13TeV:rel22repro,2021-12-24 11:04:27,2021-12-18 20:03:20,None,None,None,64,data16_13TeV.00310863.physics_Main.merge.DESDM_MCP.r13286_p4913_tid27639864_00,310863,2022-04-08 21:33:55
135,2021-09-06 10:39:14,1389891183291,data16_13TeV,2021-09-06 10:24:13,2021-08-04 05:54:48,None,None,None,218,data16_13TeV.00310863.physics_Main.merge.DESDM_SLTTMU.r12746_p3833_tid26228861_00,310863,2021-09-06 10:40:07
338,2021-05-12 22:17:50,1081343754164,data16_13TeV,2021-04-25 12:28:49,2021-04-22 15:53:00,None,None,None,7768,data16_13TeV.00310863.physics_Main.recon.DRAW_ZMUMU.r9264_tid24880865_00,310863,2021-05-12 22:18:48
2,2022-11-16 15:08:44,15762698957,data16_13TeV,2022-11-14 11:33:20,2022-11-14 09:35:19,None,None,None,2,data16_13TeV.00310863.physics_ZeroBias.merge.AOD.r9264_p3083_tid31234905_00,310863,2022-11-16 15:09:13
11,2022-02-28 20:50:11,203817332923,data16_13TeV,2021-12-04 02:43:30,2021-11-29 21:33:48,None,None,None,152,data16_13TeV.00310872.calibration_DataScouting_05_Jets.merge.AOD.r10657_p3592_tid27456636_00,310872,2022-02-28 21:04:07
None,None,180909047312,None,2016-10-19 10:34:14,2016-10-19 03:00:38,None,None,None,102,data16_13TeV.00310872.calibration_LArCells.daq.RAW,310872,2022-04-20 18:32:22
None,None,69336482280,None,2016-10-19 10:34:14,2016-10-19 03:00:38,None,None,None,54,data16_13TeV.00310872.calibration_LArCellsEmpty.daq.RAW,310872,2022-04-20 18:36:03
None,1970-01-18 03:41:33,257207183780,None,2016-10-19 10:34:14,2016-10-19 03:00:39,None,None,None,118,data16_13TeV.00310872.calibration_LArNoiseBurst.daq.RAW,310872,2022-04-20 18:36:10
None,None,15232784,None,2016-10-19 10:34:16,2016-10-19 06:21:14,None,None,None,5,data16_13TeV.00310872.debug_all.daq.RAW,310872,2022-04-20 18:33:15
1343,2021-08-17 13:44:18,540721344844,None,2016-10-19 11:22:59,2016-10-19 03:05:49,None,None,None,588,data16_13TeV.00310872.physics_Background.merge.RAW,310872,2022-04-20 18:35:07
4479,2023-02-21 22:49:45,603287179258,data16_13TeV,2017-05-04 09:40:12,2017-05-01 19:22:25,None,None,None,429,data16_13TeV.00310872.physics_BphysDelayed.merge.AOD.r9264_p3083_tid11270431_00,310872,2023-02-21 22:50:30
None,None,2104565573308,None,2016-10-19 10:34:20,2016-10-19 05:03:59,None,None,None,2181,data16_13TeV.00310872.physics_ExoDelayed.daq.RAW,310872,2022-04-20 18:34:30
None,None,1870863414342,data16,2018-07-15 15:56:34,2018-07-06 13:52:19,None,None,None,376,data16_13TeV.00310872.physics_Main.archive.DRAW_RPVLL.r9264_p3579_tid14552549_00,310872,2022-04-20 18:27:08
17447,2022-06-07 03:11:54,27170935027216,None,2016-10-19 10:34:20,2016-10-19 05:01:25,None,None,None,11554,data16_13TeV.00310872.physics_Main.daq.RAW,310872,2022-06-07 03:12:51
380533,2023-02-25 06:13:02,7181138311845,data16_13TeV:rel21repro,2017-04-01 14:26:08,2017-03-28 07:25:26,None,None,None,3260,data16_13TeV.00310872.physics_Main.merge.AOD.r9264_p3083_tid11044944_00,310872,2023-02-25 06:13:43
2,2022-02-28 13:47:49,33899171592,data16_13TeV:rel22repro,2022-01-13 16:22:37,2022-01-13 09:33:00,None,None,None,3,data16_13TeV.00310872.physics_Main.merge.DAOD_ZMUMU.r13286_r13313_p4910_tid27815586_00,310872,2022-02-28 13:48:29
507,2022-10-06 23:48:45,288403240126,data16_13TeV:rel21repro,2017-04-01 08:42:04,2017-03-29 19:02:24,None,None,None,60,data16_13TeV.00310872.physics_Main.merge.DAOD_ZMUMU.r9264_r9264_p3083_p3083_tid11045068_00,310872,2022-10-27 08:34:40
218,2021-07-29 08:27:25,1976395038075,data16_13TeV,2021-07-29 08:21:18,2021-07-26 08:37:33,None,None,None,314,data16_13TeV.00310872.physics_Main.merge.DESDM_EGAMMA.r12746_p3833_tid26231711_00,310872,2021-07-29 08:28:23
41,2021-07-30 08:57:27,303828188969,data16_13TeV,2021-07-30 07:45:16,2021-07-29 09:57:17,None,None,None,63,data16_13TeV.00310872.physics_Main.merge.DESDM_EGZ.r12746_r12746_p3833_tid26234179_00,310872,2021-07-30 08:58:22
90,2023-02-25 08:16:34,68039332040,data16_13TeV:rel21repro,2017-04-01 03:23:27,2017-03-29 01:51:05,None,None,None,15,data16_13TeV.00310872.physics_Main.merge.DESDM_EXOTHIP.r9264_p3082_p3082_tid11045016_00,310872,2023-02-25 08:17:26
None,None,826012651689,data16_13TeV,2021-07-29 15:43:35,2021-07-26 20:24:11,None,None,None,158,data16_13TeV.00310872.physics_Main.merge.DESDM_MCP.r12746_p3833_p3833_tid26229616_00,310872,2021-07-29 15:43:35
None,None,115674844535,data16_13TeV,2021-07-29 09:14:12,2021-07-27 22:04:36,None,None,None,20,data16_13TeV.00310872.physics_Main.merge.DESDM_PHOJET.r12746_p3833_p3833_tid26230950_00,310872,2021-07-29 09:14:12
None,None,4120468,None,2016-10-19 17:28:21,2016-10-19 17:23:42,None,None,None,6,data16_13TeV.00310967.calibration_LArCellsEmpty.daq.RAW,310967,2022-04-20 18:37:40
12,2022-02-28 19:01:11,193487737877,data16_13TeV,2021-12-06 06:53:38,2021-12-01 02:56:33,None,None,None,107,data16_13TeV.00310969.calibration_DataScouting_05_Jets.merge.AOD.r10657_p3592_tid27456638_00,310969,2022-02-28 19:01:56
660,2021-11-30 22:38:57,310377495100,None,2016-10-20 08:15:09,2016-10-20 07:54:54,None,None,None,495,data16_13TeV.00310969.calibration_DataScouting_05_Jets.merge.RAW,310969,2022-04-20 18:28:22
None,None,5305175856,None,2016-10-20 07:25:53,2016-10-20 00:08:29,None,None,None,54,data16_13TeV.00310969.calibration_PixelNoise.daq.RAW,310969,2022-04-20 18:37:08
None,1970-01-18 03:58:44,5836884,None,2016-10-20 07:16:02,2016-10-20 03:17:06,None,None,None,4,data16_13TeV.00310969.calibration_TgcNoiseBurst.daq.RAW,310969,2022-04-20 18:29:13
9,2021-06-23 12:17:08,2637392,None,2016-10-20 07:52:20,2016-10-20 07:50:14,None,None,None,1,data16_13TeV.00310969.debugrec_hlt.merge.RAW.g53,310969,2022-04-20 18:35:02
124,2021-12-15 19:47:09,377835730353,data16_13TeV,2021-05-11 23:28:46,2021-05-10 06:52:48,None,None,None,41,data16_13TeV.00310969.physics_Background.merge.DAOD_IDNCB.r12566_p4457_tid25419136_00,310969,2021-12-15 19:49:56
985,2022-06-16 12:03:45,3489642493860,None,2016-10-20 07:25:56,2016-10-19 23:56:03,None,None,None,2970,data16_13TeV.00310969.physics_BphysDelayed.daq.RAW,310969,2022-06-16 12:04:39
None,2017-10-04 21:14:12,908169241276,data16_13TeV,2016-11-22 18:12:03,2016-11-21 01:30:05,None,None,None,635,data16_13TeV.00310969.physics_BphysDelayed.merge.AOD.r8777_p2884_tid09897933_00,310969,2022-04-20 18:36:41
513,2019-02-25 23:03:52,207332251836,None,2016-10-20 07:44:02,2016-10-19 19:00:05,None,None,None,774,data16_13TeV.00310969.physics_CosmicCalo.merge.RAW,310969,2022-04-20 18:34:56
None,None,179559684772,None,2016-10-20 08:15:09,2016-10-20 00:15:45,None,None,None,494,data16_13TeV.00310969.physics_L1Calo.merge.RAW,310969,2022-04-20 18:34:46
None,None,19562407576,data16,2019-02-15 20:28:49,2019-02-15 14:49:51,None,None,None,2,data16_13TeV.00310969.physics_Late.archive.RAW.p3752_tid17116563_00,310969,2022-04-20 18:35:46
712,2020-09-07 16:49:28,19562296540,None,2016-10-20 08:15:09,2016-10-20 00:13:09,None,None,None,494,data16_13TeV.00310969.physics_Late.merge.RAW,310969,2022-04-20 18:37:50
None,None,4537398291,data16_13TeV,2021-09-02 10:22:13,2021-09-02 04:43:28,None,None,None,1,data16_13TeV.00310969.physics_Main.merge.DAOD_TAUMUH.r12746_r12746_p3826_p3826_tid26235646_00,310969,2021-09-02 10:22:13
35,2021-09-01 22:32:41,77745450113,data16_13TeV,2021-09-01 21:51:10,2021-08-06 05:05:07,None,None,None,56,data16_13TeV.00310969.physics_Main.merge.DESDM_EXOTHIP.r12746_p3833_tid26232349_00,310969,2021-09-01 22:33:36
38,2022-04-09 08:46:41,577978041093,data16_13TeV:rel22repro,2021-12-25 05:37:59,2021-12-18 06:14:30,None,None,None,71,data16_13TeV.00310969.physics_Main.merge.DESDM_MCP.r13286_p4913_tid27639856_00,310969,2022-04-09 08:46:53
None,None,127124576252,None,2016-10-20 08:05:18,2016-10-19 19:00:05,None,None,None,333,data16_13TeV.00310969.physics_Standby.merge.RAW,310969,2022-04-20 18:36:22
563,2023-02-23 07:46:17,450021575960,None,2016-10-20 08:25:00,2016-10-20 00:15:45,None,None,None,495,data16_13TeV.00310969.physics_ZeroBias.merge.RAW,310969,2023-02-23 07:47:12
None,None,2621902168,None,2016-10-20 21:41:33,2016-10-20 21:28:35,None,None,None,12,data16_13TeV.00311069.calibration_LArCellsEmpty.daq.RAW,311069,2022-04-20 18:29:06
None,None,28461584,None,2016-10-20 21:41:33,2016-10-20 21:38:57,None,None,None,2,data16_13TeV.00311069.calibration_lucid.daq.RAW,311069,2022-04-20 18:27:20
None,None,1339379564296,None,2016-10-21 09:11:06,2016-10-21 02:12:19,None,None,None,516,data16_13TeV.00311071.calibration_CostMonitoring.daq.RAW,311071,2022-04-20 18:23:32
115,2022-03-04 02:41:48,245561548054,data16_13TeV,2021-12-08 10:48:24,2021-11-30 05:54:43,None,None,None,155,data16_13TeV.00311071.calibration_DataScouting_05_Jets.merge.AOD.r10657_p3592_tid27456640_00,311071,2022-03-04 02:42:01
None,1970-01-18 03:42:49,268869095412,None,2016-10-21 09:11:06,2016-10-21 01:12:43,None,None,None,114,data16_13TeV.00311071.calibration_LArNoiseBurst.daq.RAW,311071,2022-04-20 18:22:44
None,None,7778692664,None,2016-10-21 08:57:07,2016-10-21 03:11:24,None,None,None,8,data16_13TeV.00311071.calibration_lucid.daq.RAW,311071,2022-04-20 18:29:09
None,2017-10-04 20:06:48,952666031184,data16_13TeV,2016-11-21 17:28:12,2016-11-14 20:59:25,None,None,None,561,data16_13TeV.00311071.physics_BphysDelayed.merge.AOD.r8777_p2884_tid09897937_00,311071,2022-04-20 18:20:10
None,None,2544073167272,None,2020-08-27 08:37:25,2020-08-26 22:06:22,None,None,None,248,data16_13TeV.00311071.physics_Main.archive.DRAW_RPVLL.r11969_p4071_tid22357104_00,311071,2022-04-20 18:37:27
4887,2023-03-04 09:50:47,7172072094699,data16_13TeV:rel22repro,2022-01-10 05:31:52,2022-01-09 20:52:33,None,None,None,888,data16_13TeV.00311071.physics_Main.merge.AOD.r13286_p4910_tid27639952_00,311071,2023-03-04 09:51:29
17,2021-08-09 13:45:30,7707719816,data16_13TeV,2021-07-28 21:16:17,2021-07-28 19:21:42,None,None,None,21,data16_13TeV.00311071.physics_Main.merge.DAOD_IDTIDE.r12746_p3826_tid26227396_00,311071,2021-08-09 13:46:24
5865,2023-02-25 07:56:38,1439921262919,data16_13TeV,2018-06-17 19:27:38,2018-06-14 15:10:35,None,None,None,1064,data16_13TeV.00311071.physics_Main.merge.DAOD_RPVLL.r9264_r10573_p3578_tid14401657_00,311071,2023-02-25 07:57:39
None,None,6351116567,data16_13TeV,2021-07-29 04:08:52,2021-07-29 01:56:04,None,None,None,1,data16_13TeV.00311071.physics_Main.merge.DAOD_TAUMUH.r12746_r12746_p3826_p3826_tid26235651_00,311071,2021-07-29 04:08:52
2,2022-02-28 13:57:46,37658829559,data16_13TeV:rel22repro,2022-01-13 16:51:11,2022-01-12 20:52:46,None,None,None,4,data16_13TeV.00311071.physics_Main.merge.DAOD_ZMUMU.r13286_r13313_p4910_tid27815575_00,311071,2022-02-28 13:58:29
20,2021-08-25 21:14:45,84079520667,data16_13TeV,2021-07-29 02:59:27,2021-07-28 21:13:49,None,None,None,15,data16_13TeV.00311071.physics_Main.merge.DESDM_EXOTHIP.r12746_p3833_p3833_tid26232355_00,311071,2021-08-25 21:15:29
112,2022-03-01 18:53:53,389901091194,data16_13TeV,2021-12-13 23:55:29,2021-12-07 17:12:01,None,None,None,313,data16_13TeV.00311170.calibration_DataScouting_05_Jets.merge.AOD.r10657_p3592_tid27456642_00,311170,2022-03-01 18:54:47
None,None,278870132016,None,2016-10-22 12:57:38,2016-10-21 20:11:52,None,None,None,144,data16_13TeV.00311170.calibration_LArNoiseBurst.daq.RAW,311170,2022-04-20 18:32:15
None,None,4993368576,None,2016-10-22 12:57:39,2016-10-21 21:21:19,None,None,None,102,data16_13TeV.00311170.calibration_SCTNoise.daq.RAW,311170,2022-04-20 18:33:29
None,2017-10-04 21:52:13,1494935919442,data16_13TeV,2016-11-23 06:37:06,2016-11-21 16:52:47,None,None,None,1178,data16_13TeV.00311170.physics_BphysDelayed.merge.AOD.r8777_p2884_tid09897943_00,311170,2022-04-20 18:35:24
None,None,580836976662,data16,2019-02-19 08:27:35,2019-02-18 16:15:26,None,None,None,56,data16_13TeV.00311170.physics_CosmicCalo.archive.RAW.p3752_tid17140517_00,311170,2022-04-20 18:35:51
705,2019-03-01 11:38:11,580836713524,None,2016-10-22 13:04:54,2016-10-21 20:28:27,None,None,None,1095,data16_13TeV.00311170.physics_CosmicCalo.merge.RAW,311170,2022-04-20 18:34:22
None,None,228935042152,None,2016-10-22 13:15:17,2016-10-22 12:59:42,None,None,None,1039,data16_13TeV.00311170.physics_HLT_IDCosmic.merge.RAW,311170,2022-04-20 18:36:11
None,None,356714782404,None,2016-10-22 13:15:18,2016-10-21 21:26:31,None,None,None,984,data16_13TeV.00311170.physics_L1Calo.merge.RAW,311170,2022-04-20 18:33:11
None,None,43648849054,data16,2019-02-22 18:21:23,2019-02-15 14:51:05,None,None,None,4,data16_13TeV.00311170.physics_Late.archive.RAW.p3752_tid17116573_00,311170,2022-04-20 18:36:08
None,None,2458955929664,data16,2018-07-13 17:29:22,2018-07-06 13:52:21,None,None,None,989,data16_13TeV.00311170.physics_Main.archive.DRAW_RPVLL.r9264_p3579_tid14552588_00,311170,2022-04-20 18:28:52
None,None,8811257031,data16_13TeV,2021-07-30 16:40:04,2021-07-30 12:54:22,None,None,None,2,data16_13TeV.00311170.physics_Main.merge.DAOD_TAUMUH.r12746_r12746_p3826_p3826_tid26235655_00,311170,2021-07-30 16:40:04
35,2021-07-29 22:02:34,133523793789,data16_13TeV,2021-07-29 21:39:28,2021-07-26 01:55:59,None,None,None,104,data16_13TeV.00311170.physics_Main.merge.DESDM_CALJET.r12746_p3833_tid26230307_00,311170,2021-07-29 22:03:24
22,2019-07-10 18:57:04,370283798941,data16_13TeV:rel21repro,2017-04-05 21:31:11,2017-03-28 06:33:34,None,None,None,85,data16_13TeV.00311170.physics_Main.merge.DESDM_EGZ.r9264_r9264_p3082_p3082_tid11039141_00,311170,2022-04-20 18:25:20
None,None,546582821605,None,2021-08-01 02:58:27,2021-07-27 02:16:56,None,None,None,108,data16_13TeV.00311170.physics_Main.merge.DESDM_SGLEL.r12746_p3833_p3833_tid26228126_00,311170,2021-08-01 02:58:27
5,2022-11-16 16:01:45,64005739429,data16_13TeV,2022-11-14 16:46:50,2022-11-14 09:35:22,None,None,None,6,data16_13TeV.00311170.physics_ZeroBias.merge.AOD.r9264_p3083_tid31234915_00,311170,2022-11-16 16:02:28
682,2021-12-01 11:00:41,430937936620,None,2016-10-23 02:03:27,2016-10-23 01:54:06,None,None,None,487,data16_13TeV.00311244.calibration_DataScouting_05_Jets.merge.RAW,311244,2022-04-20 18:38:05
None,1970-01-18 03:42:40,295274959248,None,2016-10-23 01:46:21,2016-10-22 17:20:54,None,None,None,121,data16_13TeV.00311244.calibration_LArNoiseBurst.daq.RAW,311244,2022-04-20 18:35:37
12569,2023-02-15 22:30:14,789264747552,data16_13TeV,2017-05-07 23:22:59,2017-05-02 09:42:17,None,None,None,1269,data16_13TeV.00311244.physics_BphysDelayed.merge.AOD.r9264_p3083_tid11270439_00,311244,2023-02-15 22:30:50
None,None,110227696836,None,2016-10-23 02:03:27,2016-10-23 01:48:55,None,None,None,534,data16_13TeV.00311244.physics_HLT_IDCosmic.merge.RAW,311244,2022-04-20 18:36:57
None,None,24425792744,data16,2019-02-16 07:57:41,2019-02-15 14:52:10,None,None,None,3,data16_13TeV.00311244.physics_Late.archive.RAW.p3752_tid17116578_00,311244,2022-04-20 18:36:04
539,2020-09-07 16:59:45,24425683960,None,2016-10-23 01:54:09,2016-10-22 18:36:35,None,None,None,485,data16_13TeV.00311244.physics_Late.merge.RAW,311244,2022-04-20 18:38:12
None,None,3133040148786,data16_13TeV,2020-03-21 19:50:37,2020-03-18 21:32:00,None,None,None,308,data16_13TeV.00311244.physics_Main.archive.DRAW_RPVLL.r11782_p4071_tid20777425_00,311244,2022-04-20 18:30:29
None,None,2387716963692,data16,2018-07-13 07:38:38,2018-07-06 13:52:19,None,None,None,516,data16_13TeV.00311244.physics_Main.archive.DRAW_RPVLL.r9264_p3579_tid14552606_00,311244,2022-04-20 18:26:26
None,None,90922034067,data16_13TeV,2021-08-08 06:54:21,2021-08-07 07:18:22,None,None,None,16,data16_13TeV.00311244.physics_Main.merge.DAOD_EGZ.r12746_r12746_p3826_p3826_tid26234950_00,311244,2021-08-08 06:54:21
None,None,7318069231,data16_13TeV,2021-08-08 17:08:16,2021-08-08 14:20:28,None,None,None,2,data16_13TeV.00311244.physics_Main.merge.DAOD_TAUMUH.r12746_r12746_p3826_p3826_tid26235661_00,311244,2021-08-08 17:08:16
71,2021-08-06 10:33:26,91738828840,data16_13TeV,2021-08-06 10:08:04,2021-07-22 13:05:42,None,None,None,77,data16_13TeV.00311244.physics_Main.merge.DESDM_EXOTHIP.r12746_p3833_tid26232361_00,311244,2021-08-06 10:34:18
None,None,1070924845077,data16_13TeV,2021-08-08 07:40:37,2021-07-23 01:04:38,None,None,None,164,data16_13TeV.00311244.physics_Main.merge.DESDM_MCP.r12746_p3833_p3833_tid26229640_00,311244,2021-08-08 07:40:37
43,2021-08-06 10:37:51,150561809502,data16_13TeV,2021-08-06 10:11:10,2021-07-22 13:05:37,None,None,None,78,data16_13TeV.00311244.physics_Main.merge.DESDM_PHOJET.r12746_p3833_tid26230964_00,311244,2021-08-06 10:38:18
737,2020-06-11 15:16:59,3133039014548,data16_13TeV,2020-03-20 20:55:48,2020-03-18 06:12:16,None,None,None,6765,data16_13TeV.00311244.physics_Main.recon.DRAW_RPVLL.r11782_tid20777423_00,311244,2022-04-20 18:25:03
353,2021-05-06 23:47:00,1237260591856,data16_13TeV,2021-04-22 01:44:09,2021-04-14 04:15:07,None,None,None,14788,data16_13TeV.00311244.physics_Main.recon.DRAW_ZMUMU.r9264_tid24880872_00,311244,2021-05-06 23:47:59
None,2017-04-03 00:34:38,291323624892,data16_13TeV,2017-04-02 15:43:56,2017-04-02 10:13:03,None,None,None,983,data16_13TeV.00311244.physics_Main.recon.RAW.f758_m1616_r9323_tid11086281_00,311244,2022-04-20 18:25:28
None,2017-05-25 18:22:19,294910781656,data16_13TeV,2017-05-22 21:17:59,2017-05-22 11:44:09,None,None,None,980,data16_13TeV.00311244.physics_Main.recon.RAW.f758_m1616_r9557_tid11382685_00,311244,2022-04-20 18:21:40
None,2017-06-09 10:27:03,295717559960,data16_13TeV,2017-06-09 09:36:12,2017-06-08 16:15:05,None,None,None,982,data16_13TeV.00311244.physics_Main.recon.RAW.f758_m1616_r9619_tid11465447_00,311244,2022-04-20 18:27:53
None,2017-07-03 11:32:42,296640992948,data16_13TeV,2017-07-02 10:52:08,2017-07-01 21:11:44,None,None,None,983,data16_13TeV.00311244.physics_Main.recon.RAW.f758_m1616_r9692_tid11583770_00,311244,2022-04-20 18:39:19
None,None,62705404620,None,2016-10-23 01:51:32,2016-10-22 18:39:11,None,None,None,485,data16_13TeV.00311244.physics_Mistimed.merge.RAW,311244,2022-04-20 18:36:21
None,None,268797326456,None,2016-10-23 02:03:28,2016-10-22 17:22:59,None,None,None,191,data16_13TeV.00311244.physics_Standby.merge.RAW,311244,2022-04-20 18:37:26
None,None,299929484852,None,2016-10-23 01:54:09,2016-10-22 18:39:11,None,None,None,486,data16_13TeV.00311244.physics_TauOverlay.merge.RAW,311244,2022-04-20 18:38:12
None,None,2129420520640,None,2016-10-23 19:40:14,2016-10-23 04:00:33,None,None,None,816,data16_13TeV.00311287.calibration_CostMonitoring.daq.RAW,311287,2022-04-20 18:37:02
None,None,622555841082,data16,2021-12-05 01:44:10,2021-12-05 01:13:46,None,None,None,55,data16_13TeV.00311287.calibration_DataScouting_05_Jets.archive.RAW.p3752_tid27498688_00,311287,2021-12-05 01:44:10
None,None,63556352,None,2016-10-23 19:45:29,2016-10-23 05:31:45,None,None,None,15,data16_13TeV.00311287.debug_all.daq.RAW,311287,2022-04-20 18:36:21
14,2019-08-06 10:04:16,739308947036,None,2016-10-23 20:00:59,2016-10-23 04:05:13,None,None,None,832,data16_13TeV.00311287.express_express.merge.RAW,311287,2022-04-20 18:37:41
150,2021-12-15 19:28:08,669095538059,data16_13TeV,2021-05-13 19:37:22,2021-05-12 18:51:43,None,None,None,108,data16_13TeV.00311287.physics_Background.merge.DAOD_IDNCB.r12566_p4457_tid25419396_00,311287,2021-12-15 19:28:48
13222,2023-02-16 03:46:50,1180988950333,data16_13TeV,2017-05-05 12:13:26,2017-05-01 17:21:40,None,None,None,1216,data16_13TeV.00311287.physics_BphysDelayed.merge.AOD.r9264_p3083_tid11270441_00,311287,2023-02-16 03:47:33
1236,2020-09-07 14:56:52,36941972308,None,2016-10-23 20:01:00,2016-10-23 04:07:48,None,None,None,828,data16_13TeV.00311287.physics_Late.merge.RAW,311287,2022-04-20 18:38:27
13,2021-08-05 23:07:53,104455422322,data16_13TeV,2021-08-05 21:31:21,2021-08-05 06:58:25,None,None,None,18,data16_13TeV.00311287.physics_Main.merge.DAOD_EGZ.r12746_r12746_p3826_tid26234952_00,311287,2021-08-05 23:08:00
2,2021-08-13 12:13:10,9746147384,data16_13TeV,2021-08-13 11:17:36,2021-08-13 08:00:32,None,None,None,2,data16_13TeV.00311287.physics_Main.merge.DAOD_TAUMUH.r12746_r12746_p3826_tid26235664_00,311287,2021-08-13 12:13:26
None,None,467016011207,data16_13TeV,2021-08-05 22:57:28,2021-08-05 08:37:19,None,None,None,87,data16_13TeV.00311287.physics_Main.merge.DESDM_EGZ.r12746_r12746_p3833_p3833_tid26234202_00,311287,2021-08-05 22:57:28
52,2021-08-05 21:25:08,467013909375,data16_13TeV,2021-08-05 20:23:57,2021-08-05 05:55:11,None,None,None,87,data16_13TeV.00311287.physics_Main.merge.DESDM_EGZ.r12746_r12746_p3833_tid26234200_00,311287,2021-08-05 21:25:50
None,None,1390443996274,data16_13TeV,2021-08-06 09:41:13,2021-08-05 08:40:54,None,None,None,308,data16_13TeV.00311287.physics_Main.merge.DESDM_EMU.r12746_r12746_p3833_p3833_tid26236430_00,311287,2021-08-06 09:41:13
45,2021-08-05 02:58:52,199012638231,data16_13TeV,2021-08-05 02:39:20,2021-07-26 07:50:05,None,None,None,111,data16_13TeV.00311287.physics_Main.merge.DESDM_PHOJET.r12746_p3833_tid26230968_00,311287,2021-08-05 02:59:27
None,None,604288934815,data16_13TeV,2021-08-05 04:54:10,2021-07-27 08:58:09,None,None,None,111,data16_13TeV.00311287.physics_Main.merge.DESDM_SGLEL.r12746_p3833_p3833_tid26228137_00,311287,2021-08-05 04:54:10
147,2021-08-05 03:50:59,2082226996081,data16_13TeV,2021-08-05 03:39:42,2021-07-26 02:40:42,None,None,None,328,data16_13TeV.00311287.physics_Main.merge.DESDM_SLTTMU.r12746_p3833_tid26228888_00,311287,2021-08-05 03:51:59
None,None,0,data16_13TeV,2021-08-05 01:40:36,2021-07-24 04:26:42,None,None,None,0,data16_13TeV.00311287.physics_Main.recon.DRAW_TOPSLMU.r12746_tid26226716_00,311287,2021-08-05 01:40:36
91,2022-01-12 18:34:47,474523384392,data16_13TeV:rel22repro,2022-01-07 05:16:50,2022-01-03 12:41:58,None,None,None,3264,data16_13TeV.00311287.physics_Main.recon.DRAW_ZMUMU.r13286_tid27639431_00,311287,2022-01-12 18:36:39
4,2022-11-16 15:27:36,46397338780,data16_13TeV,2022-11-14 16:50:52,2022-11-14 10:07:05,None,None,None,5,data16_13TeV.00311287.physics_ZeroBias.merge.AOD.r9264_p3083_tid31234920_00,311287,2022-11-16 15:28:13
1023,2021-11-30 23:03:46,617111565268,None,2016-10-24 15:28:32,2016-10-24 14:20:31,None,None,None,862,data16_13TeV.00311321.calibration_DataScouting_05_Jets.merge.RAW,311321,2022-04-20 18:37:33
None,2016-12-21 08:47:45,368776988344,None,2016-10-24 14:07:35,2016-10-23 22:05:23,None,None,None,196,data16_13TeV.00311321.calibration_LArCells.daq.RAW,311321,2022-04-20 18:38:02
None,1970-01-18 03:41:33,338906767732,None,2016-10-24 14:07:34,2016-10-23 22:05:22,None,None,None,156,data16_13TeV.00311321.calibration_LArNoiseBurst.daq.RAW,311321,2022-04-20 18:37:00
None,None,1275698378040,None,2016-10-24 15:28:32,2016-10-24 00:41:23,None,None,None,862,data16_13TeV.00311321.calibration_PixelBeam.merge.RAW,311321,2022-04-20 18:38:02
None,None,10191656,None,2016-10-24 13:53:36,2016-10-24 01:36:50,None,None,None,5,data16_13TeV.00311321.debug_all.daq.RAW,311321,2022-04-20 18:38:31
174,2021-10-19 09:31:28,1259471837432,data16_13TeV,2021-06-11 08:31:13,2021-06-08 01:54:43,None,None,None,152,data16_13TeV.00311321.physics_Background.merge.DAOD_IDNCB.r12566_p4457_tid25419412_00,311321,2021-10-19 09:32:13
16485,2023-02-16 15:57:49,1164960760722,data16_13TeV,2017-05-07 09:17:41,2017-05-01 22:29:00,None,None,None,2265,data16_13TeV.00311321.physics_BphysDelayed.merge.AOD.r9264_p3083_tid11270443_00,311321,2023-02-16 15:58:29
None,2016-12-26 19:05:26,1562096924976,None,2016-10-24 15:28:32,2016-10-24 00:41:23,None,None,None,862,data16_13TeV.00311321.physics_L1Topo.merge.RAW,311321,2022-04-20 18:38:30
None,None,713931277,data16_13TeV,2021-10-02 04:52:02,2021-09-21 22:30:43,None,None,None,1,data16_13TeV.00311321.physics_Main.merge.DAOD_IDTIDE.r12746_p3826_p3826_tid26227418_00,311321,2021-10-02 04:52:02
54,2023-03-15 14:35:08,15240567621,data16_13TeV:rel22repro,2021-12-24 02:54:33,2021-12-24 00:42:20,None,None,None,6,data16_13TeV.00311321.physics_Main.merge.DAOD_IDTIDE.r13286_p4911_tid27640038_00,311321,2023-03-15 14:36:05
309,2020-09-11 07:45:39,12371110048,data16_13TeV:rel21repro,2017-03-31 11:04:22,2017-03-27 13:52:55,None,None,None,11,data16_13TeV.00311321.physics_Main.merge.DAOD_IDTIDE.r9264_p3083_p3083_tid11038648_00,311321,2022-04-20 18:37:25
6928,2023-02-25 07:57:35,1909218291766,data16_13TeV,2018-06-19 23:27:21,2018-06-14 15:14:56,None,None,None,2211,data16_13TeV.00311321.physics_Main.merge.DAOD_RPVLL.r9264_r10573_p3578_tid14401677_00,311321,2023-02-25 07:58:39
3,2022-02-28 14:09:36,53775751140,data16_13TeV:rel22repro,2022-01-13 13:04:51,2022-01-13 04:52:19,None,None,None,5,data16_13TeV.00311321.physics_Main.merge.DAOD_ZMUMU.r13286_r13313_p4910_tid27815547_00,311321,2022-02-28 14:10:33
963,2021-09-22 06:12:15,3191046325436,data16_13TeV,2021-09-22 05:30:04,2021-07-26 23:32:38,None,None,None,497,data16_13TeV.00311321.physics_Main.merge.DESDM_EGAMMA.r12746_p3833_tid26231735_00,311321,2021-09-22 06:12:16
None,None,1297477959847,data16_13TeV,2021-10-23 07:17:46,2021-09-12 01:14:05,None,None,None,270,data16_13TeV.00311321.physics_Main.merge.DESDM_EMU.r12746_r12746_p3833_p3833_tid26236434_00,311321,2021-10-23 07:17:46
188,2021-09-22 02:46:29,1904063497024,data16_13TeV,2021-09-22 01:56:15,2021-07-27 00:38:25,None,None,None,306,data16_13TeV.00311321.physics_Main.merge.DESDM_SLTTMU.r12746_p3833_tid26228893_00,311321,2021-09-22 03:10:22
3044,2020-06-11 14:42:39,3606726060668,data16_13TeV,2020-03-23 06:45:38,2020-03-20 09:26:38,None,None,None,9364,data16_13TeV.00311321.physics_Main.recon.DRAW_RPVLL.r11782_tid20777434_00,311321,2022-04-20 18:24:32
105,2022-03-01 16:26:37,320386240472,data16_13TeV,2021-12-09 11:40:21,2021-12-03 15:51:07,None,None,None,257,data16_13TeV.00311365.calibration_DataScouting_05_Jets.merge.AOD.r10657_p3592_tid27456650_00,311365,2022-03-01 16:27:19
None,None,77447289944,None,2016-10-25 05:25:44,2016-10-24 19:57:29,None,None,None,598,data16_13TeV.00311365.calibration_IDTracks.merge.RAW,311365,2022-04-20 18:37:11
None,1970-01-18 03:58:38,8044560,None,2016-10-25 04:28:11,2016-10-24 23:00:06,None,None,None,4,data16_13TeV.00311365.calibration_TgcNoiseBurst.daq.RAW,311365,2022-04-20 18:37:13
1636,2021-08-18 11:07:28,730357943564,None,2016-10-25 05:03:27,2016-10-24 17:32:06,None,None,None,869,data16_13TeV.00311365.physics_Background.merge.RAW,311365,2022-04-20 18:38:47
14254,2023-02-15 07:26:30,906517426066,data16_13TeV,2017-05-07 01:23:14,2017-05-01 23:29:10,None,None,None,1532,data16_13TeV.00311365.physics_BphysDelayed.merge.AOD.r9264_p3083_tid11270445_00,311365,2023-02-15 07:26:32
9577,2023-03-09 08:36:01,10051601922756,data16_13TeV:rel22repro,2021-12-24 01:54:11,2021-12-22 06:24:42,None,None,None,1350,data16_13TeV.00311365.physics_Main.merge.AOD.r13286_p4910_tid27639932_00,311365,2023-03-09 08:36:27
None,None,104140179565,data16_13TeV,2021-08-02 11:41:50,2021-07-30 19:42:21,None,None,None,17,data16_13TeV.00311365.physics_Main.merge.DAOD_EGZ.r12746_r12746_p3826_p3826_tid26234964_00,311365,2021-08-02 11:41:50
2,2021-08-04 19:09:32,8618303173,data16_13TeV,2021-08-04 18:21:14,2021-08-04 14:51:11,None,None,None,2,data16_13TeV.00311365.physics_Main.merge.DAOD_TAUMUH.r12746_r12746_p3826_tid26235673_00,311365,2021-08-04 19:09:42
None,None,117195924139,data16_13TeV,2021-07-31 23:02:29,2021-07-27 21:49:48,None,None,None,21,data16_13TeV.00311365.physics_Main.merge.DESDM_CALJET.r12746_p3833_p3833_tid26230328_00,311365,2021-07-31 23:02:29
46,2021-07-31 20:41:51,117322819408,data16_13TeV,2021-07-31 19:39:42,2021-07-26 19:20:26,None,None,None,92,data16_13TeV.00311365.physics_Main.merge.DESDM_CALJET.r12746_p3833_tid26230326_00,311365,2021-07-31 20:42:50
19,2021-08-25 21:17:25,109250823394,data16_13TeV,2021-07-30 02:58:28,2021-07-27 21:13:08,None,None,None,18,data16_13TeV.00311365.physics_Main.merge.DESDM_EXOTHIP.r12746_p3833_p3833_tid26232376_00,311365,2021-08-25 21:18:10
29,2022-04-07 22:16:45,1128353299153,data16_13TeV:rel22repro,2021-12-22 10:56:22,2021-12-18 03:51:02,None,None,None,157,data16_13TeV.00311365.physics_Main.merge.DESDM_MCP.r13286_p4913_tid27639828_00,311365,2022-04-07 22:17:22
51,2021-07-30 02:33:13,175469310361,data16_13TeV,2021-07-30 02:12:11,2021-07-26 19:22:40,None,None,None,95,data16_13TeV.00311365.physics_Main.merge.DESDM_PHOJET.r12746_p3833_tid26230976_00,311365,2021-07-30 02:34:03
231,2021-07-30 11:23:43,2179887575967,data16_13TeV,2021-07-30 11:02:30,2021-07-26 07:47:08,None,None,None,349,data16_13TeV.00311365.physics_Main.merge.DESDM_SLTTMU.r12746_p3833_tid26228897_00,311365,2021-07-30 11:24:30
510,2020-06-11 20:46:40,3613890708708,data16_13TeV,2020-03-18 21:54:11,2020-03-16 03:08:39,None,None,None,8065,data16_13TeV.00311365.physics_Main.recon.DRAW_RPVLL.r11782_tid20777440_00,311365,2022-04-20 18:35:00
None,None,431805220172,None,2016-10-25 05:25:45,2016-10-24 17:32:07,None,None,None,340,data16_13TeV.00311365.physics_Standby.merge.RAW,311365,2022-04-20 18:39:09
12463,2023-02-16 17:27:01,1043031854503,data16_13TeV,2017-05-05 09:40:54,2017-05-01 17:21:54,None,None,None,998,data16_13TeV.00311402.physics_BphysDelayed.merge.AOD.r9264_p3083_tid11270447_00,311402,2023-02-16 17:27:49
44,2023-03-15 14:35:02,14174498603,data16_13TeV:rel22repro,2022-03-11 23:49:30,2022-03-11 22:15:32,None,None,None,9,data16_13TeV.00311402.physics_Main.merge.DAOD_IDTIDE.r13286_p4911_tid27640030_00,311402,2023-03-15 14:35:32
1945,2020-07-28 11:54:33,2635055926972,data16_13TeV,2020-03-21 14:15:06,2020-03-19 12:50:52,None,None,None,700,data16_13TeV.00311402.physics_Main.merge.DAOD_RPVLL.r11782_r11784_p4072_tid20778891_00,311402,2022-04-20 18:29:46
2,2021-06-23 13:10:22,7400560072,data16_13TeV,2021-06-10 20:53:21,2021-06-10 17:14:28,None,None,None,2,data16_13TeV.00311402.physics_Main.merge.DAOD_ZMUMU.r9264_r12592_p4573_tid25839584_00,311402,2021-06-23 13:13:36
24,2021-07-30 10:30:54,125382343446,data16_13TeV,2021-07-30 02:18:13,2021-07-26 16:54:45,None,None,None,101,data16_13TeV.00311402.physics_Main.merge.DESDM_CALJET.r12746_p3833_tid26230330_00,311402,2021-07-30 10:31:44
65,2021-07-30 18:03:24,447905310304,data16_13TeV,2021-07-30 17:32:24,2021-07-30 01:13:58,None,None,None,85,data16_13TeV.00311402.physics_Main.merge.DESDM_EGZ.r12746_r12746_p3833_tid26234212_00,311402,2021-07-30 18:04:04
23,2021-08-25 21:11:30,124597091808,data16_13TeV,2021-07-31 00:19:56,2021-07-27 21:13:08,None,None,None,21,data16_13TeV.00311402.physics_Main.merge.DESDM_EXOTHIP.r12746_p3833_p3833_tid26232382_00,311402,2021-08-25 21:12:11
None,None,186841654873,data16_13TeV,2021-07-31 05:39:25,2021-07-27 19:11:15,None,None,None,33,data16_13TeV.00311402.physics_Main.merge.DESDM_PHOJET.r12746_p3833_p3833_tid26230983_00,311402,2021-07-31 05:39:26
None,None,2105702838565,data16_13TeV,2021-07-30 12:58:11,2021-07-26 10:50:51,None,None,None,333,data16_13TeV.00311402.physics_Main.merge.DESDM_SLTTMU.r12746_p3833_p3833_tid26228905_00,311402,2021-07-30 12:58:11
None,None,31536872,None,2016-10-25 23:17:14,2016-10-25 23:14:38,None,None,None,2,data16_13TeV.00311470.calibration_lucid.daq.RAW,311470,2022-04-20 18:37:40
50,2021-05-17 15:29:53,8354223696,None,2016-10-26 01:06:07,2016-10-26 00:51:04,None,None,None,39,data16_13TeV.00311471.physics_Background.merge.RAW,311471,2022-04-20 18:38:35
None,None,12018955308,data16,2019-02-18 20:35:36,2019-02-18 18:31:00,None,None,None,1,data16_13TeV.00311471.physics_CosmicCalo.archive.RAW.p3752_tid17141760_00,311471,2022-04-20 18:34:52
14,2019-02-18 19:13:26,12018946036,None,2016-10-26 01:06:07,2016-10-26 00:51:04,None,None,None,39,data16_13TeV.00311471.physics_CosmicCalo.merge.RAW,311471,2022-04-20 18:37:41
None,None,23771583232,None,2016-10-26 07:29:12,2016-10-26 03:31:14,None,None,None,234,data16_13TeV.00311473.calibration_IDTracks.merge.RAW,311473,2022-04-20 18:39:15
None,None,9366695812,None,2016-10-26 06:21:13,2016-10-26 02:14:32,None,None,None,30,data16_13TeV.00311473.calibration_Tile.daq.RAW,311473,2022-04-20 18:38:15
None,None,45322633312,None,2016-10-26 07:08:58,2016-10-26 06:41:26,None,None,None,271,data16_13TeV.00311473.physics_HLT_IDCosmic.merge.RAW,311473,2022-04-20 18:39:09
None,None,100777445400,None,2016-10-26 07:29:12,2016-10-26 03:33:50,None,None,None,233,data16_13TeV.00311473.physics_L1Calo.merge.RAW,311473,2022-04-20 18:39:30
None,None,732161568904,data16,2018-07-12 09:34:14,2018-07-06 13:52:23,None,None,None,235,data16_13TeV.00311473.physics_Main.archive.DRAW_RPVLL.r9264_p3579_tid14552635_00,311473,2022-04-20 18:28:52
11,2021-09-03 16:38:25,3389481629,data16_13TeV,2021-09-02 04:35:48,2021-09-02 02:51:23,None,None,None,18,data16_13TeV.00311473.physics_Main.merge.DAOD_IDTIDE.r12746_p3826_tid26227430_00,311473,2021-09-03 16:39:07
None,None,36062775442,data16_13TeV,2021-09-02 07:43:30,2021-09-02 04:23:10,None,None,None,6,data16_13TeV.00311473.physics_Main.merge.DESDM_CALJET.r12746_p3833_p3833_tid26230336_00,311473,2021-09-02 07:43:30
44,2021-09-02 06:37:49,399755283809,data16_13TeV,2021-09-02 05:44:07,2021-08-06 20:13:19,None,None,None,63,data16_13TeV.00311473.physics_Main.merge.DESDM_SLTTMU.r12746_p3833_tid26228908_00,311473,2021-09-02 06:38:10
40,2022-03-01 04:58:56,364181612825,data16_13TeV,2021-12-14 15:30:39,2021-12-02 17:23:29,None,None,None,333,data16_13TeV.00311481.calibration_DataScouting_05_Jets.merge.AOD.r10657_p3592_tid27456656_00,311481,2022-03-01 04:59:00
None,None,12457670304,None,2016-10-26 21:40:22,2016-10-26 10:52:32,None,None,None,12,data16_13TeV.00311481.calibration_lucid.daq.RAW,311481,2022-04-20 18:39:31
None,None,29828380,None,2016-10-26 21:37:52,2016-10-26 11:40:11,None,None,None,11,data16_13TeV.00311481.debug_all.daq.RAW,311481,2022-04-20 18:38:25
454,2023-02-26 11:14:04,1017894299636,data16_13TeV:run2repro,2022-05-10 01:56:37,2022-05-09 18:51:06,None,None,None,745,data16_13TeV.00311481.physics_BphysDelayed.merge.AOD.r13575_p5087_tid28875095_00,311481,2023-02-26 11:14:58
None,2017-10-04 23:11:17,1460131582567,data16_13TeV,2016-11-23 11:31:17,2016-11-21 06:34:24,None,None,None,1017,data16_13TeV.00311481.physics_BphysDelayed.merge.AOD.r8777_p2884_tid09897986_00,311481,2022-04-20 18:36:07
11463,2023-02-15 00:29:43,1048102054697,data16_13TeV,2017-05-05 17:42:49,2017-05-01 16:19:52,None,None,None,952,data16_13TeV.00311481.physics_BphysDelayed.merge.AOD.r9264_p3083_tid11270451_00,311481,2023-02-15 00:30:37
None,None,2791540682174,data16,2018-07-11 12:28:39,2018-07-06 11:40:31,None,None,None,750,data16_13TeV.00311481.physics_Main.archive.DRAW_RPVLL.r9264_p3579_tid14549892_00,311481,2022-04-20 18:25:53
30402,2022-06-24 07:02:12,46180836612836,None,2016-10-26 21:40:28,2016-10-26 10:13:14,None,None,None,20090,data16_13TeV.00311481.physics_Main.daq.RAW,311481,2022-06-24 07:02:39
None,None,99405534495,data16_13TeV,2021-07-31 11:38:34,2021-07-31 04:43:12,None,None,None,16,data16_13TeV.00311481.physics_Main.merge.DAOD_EGZ.r12746_r12746_p3826_p3826_tid26234977_00,311481,2021-07-31 11:38:34
1,2021-07-31 12:50:35,11592789720,data16_13TeV,2021-07-30 11:10:32,2021-07-30 08:45:13,None,None,None,1,data16_13TeV.00311481.physics_Main.merge.DAOD_IDTIDE.r12746_p3826_p3826_tid26227438_00,311481,2021-07-31 12:51:05
53,2023-03-15 14:34:58,14463882443,data16_13TeV:rel22repro,2021-12-26 04:36:39,2021-12-26 02:56:17,None,None,None,6,data16_13TeV.00311481.physics_Main.merge.DAOD_IDTIDE.r13286_p4911_tid27640023_00,311481,2023-03-15 14:35:32
1381,2022-07-16 09:17:34,2457911193749,data16_13TeV,2020-09-03 23:09:34,2020-08-31 21:35:11,None,None,None,280,data16_13TeV.00311481.physics_Main.merge.DAOD_RPVLL.r11969_r11784_p4072_tid22358360_00,311481,2022-10-27 10:25:09
None,None,9401224884,data16_13TeV,2021-07-31 07:37:11,2021-07-31 01:15:36,None,None,None,2,data16_13TeV.00311481.physics_Main.merge.DAOD_TAUMUH.r12746_r12746_p3826_p3826_tid26235689_00,311481,2021-07-31 07:37:11
19,2021-07-30 07:10:46,126677497033,data16_13TeV,2021-07-30 07:00:52,2021-07-26 22:15:39,None,None,None,103,data16_13TeV.00311481.physics_Main.merge.DESDM_CALJET.r12746_p3833_tid26230338_00,311481,2021-07-30 07:11:34
55,2021-07-31 06:51:32,441531105997,data16_13TeV,2021-07-31 04:07:53,2021-07-30 11:52:21,None,None,None,82,data16_13TeV.00311481.physics_Main.merge.DESDM_EGZ.r12746_r12746_p3833_tid26234220_00,311481,2021-07-31 06:51:47
86,2021-07-30 08:42:30,572834465222,data16_13TeV,2021-07-30 07:40:15,2021-07-26 21:06:51,None,None,None,104,data16_13TeV.00311481.physics_Main.merge.DESDM_SGLEL.r12746_p3833_tid26228157_00,311481,2021-07-30 08:42:33
862,2021-05-24 23:11:36,1002633898604,None,2016-10-27 14:56:52,2016-10-27 08:44:17,None,None,None,758,data16_13TeV.00311563.physics_Background.merge.RAW,311563,2022-04-20 18:39:43
None,None,427628,None,2016-10-27 14:56:52,2016-10-27 14:48:01,None,None,None,1,data16_13TeV.00311563.physics_Mistimed.merge.RAW,311563,2022-04-20 18:23:29
None,None,456047716,None,2016-10-27 14:56:52,2016-10-27 08:44:18,None,None,None,123,data16_13TeV.00311563.physics_Standby.merge.RAW,311563,2022-04-20 18:39:41
None,2017-05-15 19:14:10,471564563820,data16_13TeV,2017-05-13 16:48:07,2017-05-13 11:42:54,None,None,None,3111,data16_13TeV.00322905.physics_EnhancedBias.recon.RAW.r9496_tid11327211_00,322905,2022-04-20 18:20:36
None,2017-05-15 07:18:44,474451163776,data16_13TeV,2017-05-15 06:33:20,2017-05-14 18:31:13,None,None,None,3111,data16_13TeV.00322905.physics_EnhancedBias.recon.RAW.r9503_tid11332901_00,322905,2022-04-20 18:20:43
None,None,4064482144,data16_13TeV,2017-06-20 07:37:26,2017-06-19 18:08:09,None,None,None,10,data16_13TeV.00325713.physics_EnhancedBias.recon.RAW.r9295_tid11518328_00,325713,2022-04-20 18:34:24
None,2017-06-16 11:24:36,1231915897516,data16_13TeV,2017-06-13 12:49:36,2017-06-13 08:02:04,None,None,None,4971,data16_13TeV.00325713.physics_EnhancedBias.recon.RAW.r9626_tid11483845_00,325713,2022-04-20 18:27:27
None,None,29518345700,None,2016-03-28 14:17:34,2016-03-28 10:52:34,None,None,None,265,data16_comm.00293699.physics_CosmicCalo.merge.RAW,293699,2022-04-20 18:43:31
None,None,9834845404,None,2016-03-28 19:51:39,2016-03-28 19:34:25,None,None,None,40,data16_comm.00293729.physics_CosmicMuons.merge.RAW,293729,2022-04-20 18:43:30
None,None,4447510664,None,2016-03-28 23:53:18,2016-03-28 21:04:42,None,None,None,25,data16_comm.00293730.calibration_CostMonitoring.daq.RAW,293730,2022-04-20 18:43:28
None,None,850310124,None,2016-03-28 23:53:18,2016-03-28 21:04:43,None,None,None,25,data16_comm.00293730.calibration_PixelNoise.daq.RAW,293730,2022-04-20 18:43:25
None,None,33967222096,None,2016-03-29 00:25:56,2016-03-29 00:07:33,None,None,None,638,data16_comm.00293730.physics_HLT_IDCosmic.merge.RAW,293730,2022-04-20 18:43:30
None,None,248657480,None,2016-03-29 07:34:29,2016-03-29 07:31:25,None,None,None,2,data16_comm.00293752.calibration_lucid.daq.RAW,293752,2022-04-20 18:43:22
None,None,72673764464,None,2016-03-29 07:53:46,2016-03-29 07:39:33,None,None,None,346,data16_comm.00293752.physics_HLT_IDCosmic.merge.RAW,293752,2022-04-20 18:43:22
None,2016-07-25 19:29:37,1602094929896,None,2016-03-29 08:21:08,2016-03-29 03:07:49,None,None,None,918,data16_comm.00293752.physics_IDCosmic.merge.RAW,293752,2022-04-20 18:43:19
None,None,66898953416,None,2016-03-29 07:59:52,2016-03-29 03:07:50,None,None,None,347,data16_comm.00293752.physics_L1Calo.merge.RAW,293752,2022-04-20 18:43:19
None,None,84741948008,None,2016-03-30 07:40:58,2016-03-29 19:44:13,None,None,None,769,data16_comm.00293825.physics_CosmicCalo.merge.RAW,293825,2022-04-20 18:43:21
None,None,2539331408,None,2016-03-31 08:41:39,2016-03-31 08:32:32,None,None,None,329,data16_comm.00293964.physics_HLT_IDCosmic.merge.RAW,293964,2022-04-20 18:43:24
None,None,14165554756,None,2016-03-31 08:27:30,2016-03-31 01:51:41,None,None,None,2133,data16_comm.00293964.physics_MinBias.daq.RAW,293964,2022-04-20 18:43:30
None,None,476854212,None,2016-03-31 16:05:23,2016-03-31 15:59:14,None,None,None,4,data16_comm.00294034.physics_Standby.merge.RAW,294034,2022-04-20 18:43:19
None,None,51196,None,2016-04-01 01:52:00,2016-03-31 19:56:51,None,None,None,6,data16_comm.00294065.calibration_LArCells.daq.RAW,294065,2022-04-20 18:43:28
None,None,8123876388,None,2016-04-01 02:04:58,2016-03-31 19:56:53,None,None,None,429,data16_comm.00294065.physics_Standby.merge.RAW,294065,2022-04-20 18:43:18
None,None,5970872,None,2016-04-01 07:23:22,2016-04-01 07:20:18,None,None,None,2,data16_comm.00294089.calibration_lucid.daq.RAW,294089,2022-04-20 18:43:35
None,None,69385875204,None,2016-04-02 17:33:45,2016-04-02 09:21:04,None,None,None,575,data16_comm.00294231.physics_Background.merge.RAW,294231,2022-04-20 18:43:34
None,None,11152,None,2016-04-03 08:10:21,2016-04-03 05:42:46,None,None,None,1,data16_comm.00294254.calibration_LArCells.daq.RAW,294254,2022-04-20 18:43:23
None,None,11998210008,None,2016-04-03 08:28:34,2016-04-02 18:49:47,None,None,None,869,data16_comm.00294254.physics_Standby.merge.RAW,294254,2022-04-20 18:43:33
None,None,5955284,None,2016-04-04 08:22:23,2016-04-03 12:56:42,None,None,None,10,data16_comm.00294316.calibration_LArNoiseBurst.daq.RAW,294316,2022-04-20 18:43:33
None,None,39678844944,None,2016-04-04 08:25:24,2016-04-03 12:56:42,None,None,None,126,data16_comm.00294316.calibration_Tile.daq.RAW,294316,2022-04-20 18:43:34
None,None,29936387908,None,2016-04-04 08:40:40,2016-04-03 13:04:49,None,None,None,1238,data16_comm.00294316.physics_Standby.merge.RAW,294316,2022-04-20 18:43:34
None,None,109746852,None,2016-04-04 11:51:36,2016-04-04 11:15:00,None,None,None,96,data16_comm.00294383.physics_Standby.merge.RAW,294383,2022-04-20 18:43:19
None,None,3890873728,None,2016-04-04 14:35:08,2016-04-04 12:59:50,None,None,None,18,data16_comm.00294391.calibration_Tile.daq.RAW,294391,2022-04-20 18:43:35
None,2016-07-25 19:37:25,1041843912,None,2016-04-05 03:06:06,2016-04-05 02:35:40,None,None,None,99,data16_comm.00294504.physics_IDCosmic.merge.RAW,294504,2022-04-20 18:43:28
None,None,46407072,None,2016-04-05 07:38:01,2016-04-05 07:26:51,None,None,None,65,data16_comm.00294509.calibration_BeamSpot.merge.RAW,294509,2022-04-20 18:43:27
None,None,15828625576,None,2016-04-05 07:38:02,2016-04-05 07:29:53,None,None,None,65,data16_comm.00294509.physics_CosmicCalo.merge.RAW,294509,2022-04-20 18:43:20
None,None,5711433804,None,2016-04-05 07:38:01,2016-04-05 07:26:51,None,None,None,79,data16_comm.00294509.physics_Standby.merge.RAW,294509,2022-04-20 18:43:23
None,None,23947283280,None,2016-04-06 00:57:03,2016-04-05 21:03:46,None,None,None,297,data16_comm.00294666.express_express.merge.RAW,294666,2022-04-20 18:43:20
None,None,268739924,None,2016-04-06 07:34:37,2016-04-06 03:05:50,None,None,None,325,data16_comm.00294677.calibration_BeamSpot.merge.RAW,294677,2022-04-20 18:43:21
None,None,12525493696,None,2016-04-06 07:34:37,2016-04-06 03:05:51,None,None,None,325,data16_comm.00294677.express_express.merge.RAW,294677,2022-04-20 18:43:22
None,None,111845520,None,2016-04-06 07:34:38,2016-04-06 07:23:27,None,None,None,186,data16_comm.00294677.physics_HLT_IDCosmic.merge.RAW,294677,2022-04-20 18:43:38
None,None,15540588680,None,2016-04-06 07:26:36,2016-04-06 03:02:48,None,None,None,325,data16_comm.00294677.physics_Standby.merge.RAW,294677,2022-04-20 18:43:35
None,None,18529376,None,2016-04-06 21:08:16,2016-04-06 21:06:14,None,None,None,2,data16_comm.00294810.calibration_lucid.daq.RAW,294810,2022-04-20 18:43:19
None,None,6848082728,None,2016-04-07 06:44:27,2016-04-07 00:53:33,None,None,None,42,data16_comm.00294823.calibration_LArCellsEmpty.daq.RAW,294823,2022-04-20 18:43:36
None,None,2129640,None,2016-04-07 06:44:27,2016-04-07 00:53:33,None,None,None,4,data16_comm.00294823.calibration_LArNoiseBurst.daq.RAW,294823,2022-04-20 18:43:32
None,None,23873487508,None,2016-04-07 09:56:40,2016-04-07 00:58:36,None,None,None,425,data16_comm.00294823.physics_Standby.merge.RAW,294823,2022-04-20 18:43:36
None,None,1310636136,None,2016-04-07 12:34:54,2016-04-07 12:31:51,None,None,None,6,data16_comm.00294861.calibration_Tile.daq.RAW,294861,2022-04-20 18:43:26
None,None,2750320084,None,2016-04-07 16:02:56,2016-04-07 15:55:47,None,None,None,24,data16_comm.00294884.physics_CosmicCalo.merge.RAW,294884,2022-04-20 18:43:28
None,None,902062932,None,2016-04-07 16:02:56,2016-04-07 15:55:47,None,None,None,23,data16_comm.00294884.physics_Standby.merge.RAW,294884,2022-04-20 18:43:29
None,None,2927082284,None,2016-04-07 17:24:09,2016-04-07 17:17:01,None,None,None,22,data16_comm.00294897.physics_CosmicCalo.merge.RAW,294897,2022-04-20 18:43:28
None,None,74961800,None,2016-04-07 19:09:37,2016-04-07 19:07:35,None,None,None,2,data16_comm.00294901.calibration_lucid.daq.RAW,294901,2022-04-20 18:43:28
None,None,26895343660,None,2016-04-07 21:41:46,2016-04-07 20:43:59,None,None,None,119,data16_comm.00294910.physics_Background.merge.RAW,294910,2022-04-20 18:43:37
None,None,833176896,None,2016-04-07 21:39:44,2016-04-07 21:33:39,None,None,None,116,data16_comm.00294910.physics_HLT_IDCosmic.merge.RAW,294910,2022-04-20 18:43:27
None,None,1411991564,None,2016-04-07 22:49:49,2016-04-07 22:46:44,None,None,None,6,data16_comm.00294925.calibration_Tile.daq.RAW,294925,2022-04-20 18:43:35
None,None,14586530364,None,2016-04-07 22:59:56,2016-04-07 22:51:50,None,None,None,69,data16_comm.00294925.physics_Background.merge.RAW,294925,2022-04-20 18:43:29
None,None,10807891456,None,2016-04-08 05:48:39,2016-04-08 03:32:47,None,None,None,209,data16_comm.00294944.physics_Standby.merge.RAW,294944,2022-04-20 18:43:30
None,None,1085892,None,2016-04-08 08:12:57,2016-04-08 07:21:12,None,None,None,12,data16_comm.00294945.calibration_ALFACalib.daq.RAW,294945,2022-04-20 18:43:37
None,None,21690415020,None,2016-04-09 00:49:02,2016-04-09 00:09:27,None,None,None,112,data16_comm.00294984.calibration_BeamSpot.merge.RAW,294984,2022-04-20 18:43:37
None,None,339820,None,2016-04-09 00:27:44,2016-04-09 00:00:20,None,None,None,9,data16_comm.00294984.calibration_LArCells.daq.RAW,294984,2022-04-20 18:43:24
None,None,2176836,None,2016-04-09 01:09:16,2016-04-09 01:06:12,None,None,None,1,data16_comm.00295041.physics_Background.merge.RAW,295041,2022-04-20 18:43:30
None,None,547694832,None,2016-04-09 08:39:49,2016-04-09 08:30:39,None,None,None,294,data16_comm.00295042.physics_HLT_IDCosmic.merge.RAW,295042,2022-04-20 18:43:27
None,None,320332,None,2016-04-09 10:17:09,2016-04-09 10:06:59,None,None,None,12,data16_comm.00295064.calibration_ALFACalib.daq.RAW,295064,2022-04-20 18:43:29
None,None,5662580,None,2016-04-09 10:26:19,2016-04-09 10:21:14,None,None,None,56,data16_comm.00295064.physics_HLT_IDCosmic.merge.RAW,295064,2022-04-20 18:43:20
None,None,21942220,None,2016-04-09 10:26:19,2016-04-09 10:14:06,None,None,None,80,data16_comm.00295064.physics_Standby.merge.RAW,295064,2022-04-20 18:43:20
None,None,44244,None,2016-04-09 11:04:49,2016-04-09 11:01:46,None,None,None,6,data16_comm.00295106.calibration_ALFACalib.daq.RAW,295106,2022-04-20 18:43:38
None,None,2196274144,None,2016-04-09 11:09:53,2016-04-09 11:06:52,None,None,None,30,data16_comm.00295106.physics_CosmicCalo.merge.RAW,295106,2022-04-20 18:43:26
None,None,97671228,None,2016-04-09 17:41:51,2016-04-09 12:29:29,None,None,None,42,data16_comm.00295109.calibration_ALFACalib.daq.RAW,295109,2022-04-20 18:43:29
None,None,12651796764,None,2016-04-09 17:41:51,2016-04-09 12:29:29,None,None,None,42,data16_comm.00295109.calibration_Tile.daq.RAW,295109,2022-04-20 18:43:26
None,None,4445881308,None,2016-04-09 22:59:32,2016-04-09 19:58:50,None,None,None,6,data16_comm.00295128.calibration_CostMonitoring.daq.RAW,295128,2022-04-20 18:43:33
None,None,147652,None,2016-04-09 22:59:32,2016-04-09 19:58:50,None,None,None,4,data16_comm.00295128.calibration_LArCells.daq.RAW,295128,2022-04-20 18:43:32
None,None,132875776,None,2016-04-09 23:11:39,2016-04-09 23:05:35,None,None,None,180,data16_comm.00295128.physics_HLT_IDCosmic.merge.RAW,295128,2022-04-20 18:43:25
None,None,2175364,None,2016-04-10 07:39:25,2016-04-10 01:37:44,None,None,None,5,data16_comm.00295145.calibration_LArNoiseBurst.daq.RAW,295145,2022-04-20 18:43:34
None,None,15921112212,None,2016-04-10 07:42:25,2016-04-10 00:37:53,None,None,None,54,data16_comm.00295145.calibration_Tile.daq.RAW,295145,2022-04-20 18:43:34
None,None,427593681808,None,2016-04-10 11:33:58,2016-04-10 09:06:49,None,None,None,510,data16_comm.00295147.physics_L1Calo.merge.RAW,295147,2022-04-20 18:43:26
None,None,3714097004,None,2016-04-10 11:13:41,2016-04-10 09:03:44,None,None,None,23,data16_comm.00295147.physics_Main.daq.RAW,295147,2022-04-20 18:43:22
None,None,101825011856,None,2016-04-10 11:33:58,2016-04-10 09:06:49,None,None,None,193,data16_comm.00295147.physics_Standby.merge.RAW,295147,2022-04-20 18:43:19
None,None,75211236,None,2016-04-10 14:27:30,2016-04-10 14:10:15,None,None,None,12,data16_comm.00295213.calibration_ALFACalib.daq.RAW,295213,2022-04-20 18:43:26
None,None,2073824356,None,2016-04-10 14:24:29,2016-04-10 14:10:17,None,None,None,18,data16_comm.00295213.physics_Main.daq.RAW,295213,2022-04-20 18:43:30
None,None,1117100,None,2016-04-11 05:29:59,2016-04-10 21:34:28,None,None,None,46,data16_comm.00295252.calibration_LArCells.daq.RAW,295252,2022-04-20 18:43:29
None,None,410576,None,2016-04-18 12:23:38,2016-04-18 12:17:29,None,None,None,1,data16_comm.00295252.debugrec_hlt.merge.RAW.g49,295252,2022-04-20 18:43:37
None,None,266478669340,None,2016-04-11 05:47:13,2016-04-10 21:40:31,None,None,None,532,data16_comm.00295252.physics_L1Calo.merge.RAW,295252,2022-04-20 18:43:33
None,None,80169792,None,2016-04-11 19:51:00,2016-04-11 19:41:52,None,None,None,116,data16_comm.00295336.physics_HLT_IDCosmic.merge.RAW,295336,2022-04-20 18:43:35
None,None,18254624,None,2016-04-12 14:00:26,2016-04-12 13:57:24,None,None,None,2,data16_comm.00295413.calibration_lucid.daq.RAW,295413,2022-04-20 18:43:33
None,None,272905444,None,2016-04-12 14:58:16,2016-04-12 14:55:13,None,None,None,8,data16_comm.00295430.physics_Standby.merge.RAW,295430,2022-04-20 18:43:29
None,None,90243980,None,2016-04-12 17:30:30,2016-04-12 17:20:21,None,None,None,3,data16_comm.00295449.physics_CosmicCalo.merge.RAW,295449,2022-04-20 18:43:32
None,None,69742510540,None,2016-04-13 06:14:28,2016-04-12 21:55:17,None,None,None,546,data16_comm.00295484.physics_CosmicCalo.merge.RAW,295484,2022-04-20 18:43:20
None,None,523825312900,None,2016-04-13 06:23:38,2016-04-12 21:55:17,None,None,None,552,data16_comm.00295484.physics_Standby.merge.RAW,295484,2022-04-20 18:43:26
None,None,1644042716,None,2016-04-13 07:38:04,2016-04-13 07:22:47,None,None,None,12,data16_comm.00295503.calibration_Tile.daq.RAW,295503,2022-04-20 18:43:29
None,2016-04-13 10:36:46,63101161860,None,2016-04-13 07:35:04,2016-04-13 07:25:51,None,None,None,17,data16_comm.00295503.physics_EnhancedBias.merge.RAW,295503,2022-04-20 18:43:35
None,None,971334888,None,2016-04-13 17:01:46,2016-04-13 16:58:43,None,None,None,1,data16_comm.00295639.calibration_CostMonitoring.daq.RAW,295639,2022-04-20 18:43:35
None,None,1480784,None,2016-04-14 13:19:33,2016-04-14 13:13:28,None,None,None,4,data16_comm.00295763.physics_Background.merge.RAW,295763,2022-04-20 18:43:21
None,None,2309043884,None,2016-04-15 01:43:33,2016-04-14 19:08:27,None,None,None,48,data16_comm.00295810.calibration_LArCellsEmpty.daq.RAW,295810,2022-04-20 18:43:22
None,None,51113530652,None,2016-04-15 01:59:46,2016-04-14 19:14:32,None,None,None,453,data16_comm.00295810.physics_CosmicCalo.merge.RAW,295810,2022-04-20 18:43:33
None,None,1188933682504,None,2016-04-15 17:36:48,2016-04-15 16:50:09,None,None,None,511,data16_comm.00295922.physics_CosmicCalo.merge.RAW,295922,2022-04-20 18:43:25
None,None,4419458548,None,2016-04-15 19:18:18,2016-04-15 19:15:14,None,None,None,27,data16_comm.00295945.physics_Background.merge.RAW,295945,2022-04-20 18:43:27
None,None,7960768,None,2016-04-15 19:18:18,2016-04-15 19:15:15,None,None,None,14,data16_comm.00295945.physics_HLT_IDCosmic.merge.RAW,295945,2022-04-20 18:43:24
None,None,56846157676,None,2016-04-16 02:28:33,2016-04-15 22:25:05,None,None,None,247,data16_comm.00295964.physics_Background.merge.RAW,295964,2022-04-20 18:43:23
None,None,55437946372,None,2016-04-16 02:28:33,2016-04-15 22:25:05,None,None,None,247,data16_comm.00295964.physics_CosmicCalo.merge.RAW,295964,2022-04-20 18:43:30
None,None,833908,None,2016-04-16 07:57:48,2016-04-16 03:38:36,None,None,None,17,data16_comm.00296003.calibration_LArCells.daq.RAW,296003,2022-04-20 18:43:29
None,None,7272505472,None,2016-04-16 08:20:08,2016-04-16 03:43:42,None,None,None,335,data16_comm.00296003.physics_Standby.merge.RAW,296003,2022-04-20 18:43:31
None,None,7722244,None,2016-04-16 09:41:18,2016-04-16 09:38:14,None,None,None,6,data16_comm.00296019.calibration_LArCellsEmpty.daq.RAW,296019,2022-04-20 18:43:33
None,None,37404112,None,2016-04-16 09:53:32,2016-04-16 09:47:22,None,None,None,9,data16_comm.00296019.physics_Standby.merge.RAW,296019,2022-04-20 18:43:32
None,None,87353652,None,2016-04-16 11:20:40,2016-04-16 11:17:38,None,None,None,6,data16_comm.00296023.calibration_Tile.daq.RAW,296023,2022-04-20 18:43:34
None,None,579846852,None,2016-04-16 11:34:57,2016-04-16 11:25:44,None,None,None,4,data16_comm.00296023.physics_Background.merge.RAW,296023,2022-04-20 18:43:34
None,None,2638584,None,2016-04-16 12:24:38,2016-04-16 12:21:35,None,None,None,4,data16_comm.00296024.calibration_LArNoiseBurst.daq.RAW,296024,2022-04-20 18:43:38
None,None,9971169160,None,2016-04-16 12:36:52,2016-04-16 12:24:38,None,None,None,50,data16_comm.00296024.physics_Background.merge.RAW,296024,2022-04-20 18:43:35
None,None,9667014896,None,2016-04-16 12:36:52,2016-04-16 12:27:41,None,None,None,50,data16_comm.00296024.physics_CosmicCalo.merge.RAW,296024,2022-04-20 18:43:24
None,None,9104,None,2016-04-16 20:08:13,2016-04-16 19:49:55,None,None,None,1,data16_comm.00296046.calibration_LArCells.daq.RAW,296046,2022-04-20 18:43:36
None,None,2146696272,None,2016-04-16 20:12:16,2016-04-16 16:46:23,None,None,None,30,data16_comm.00296046.calibration_LArCellsEmpty.daq.RAW,296046,2022-04-20 18:43:19
None,None,4915226348,None,2016-04-17 00:48:31,2016-04-16 21:40:37,None,None,None,223,data16_comm.00296053.physics_Standby.merge.RAW,296053,2022-04-20 18:43:28
None,None,27178800,None,2016-04-17 10:24:49,2016-04-17 10:21:46,None,None,None,6,data16_comm.00296110.calibration_Tile.daq.RAW,296110,2022-04-20 18:43:24
None,None,154508244,None,2016-04-17 10:36:59,2016-04-17 10:30:55,None,None,None,3,data16_comm.00296110.physics_Standby.merge.RAW,296110,2022-04-20 18:43:24
None,None,183144410464,None,2016-04-17 16:12:26,2016-04-17 11:52:04,None,None,None,362,data16_comm.00296111.physics_Background.merge.RAW,296111,2022-04-20 18:43:34
None,None,129248344,None,2016-04-18 01:08:21,2016-04-18 01:01:15,None,None,None,192,data16_comm.00296135.physics_HLT_IDCosmic.merge.RAW,296135,2022-04-20 18:43:25
None,None,24231997436,None,2016-04-18 01:08:21,2016-04-17 18:57:47,None,None,None,455,data16_comm.00296135.physics_Standby.merge.RAW,296135,2022-04-20 18:43:31
None,None,225340,None,2016-04-18 07:36:04,2016-04-18 03:58:52,None,None,None,6,data16_comm.00296152.calibration_LArCells.daq.RAW,296152,2022-04-20 18:43:37
None,None,50655473408,None,2016-04-18 09:21:11,2016-04-18 04:03:56,None,None,None,302,data16_comm.00296152.physics_CosmicCalo.merge.RAW,296152,2022-04-20 18:43:26
None,None,14271436,None,2016-04-18 18:48:42,2016-04-18 18:42:36,None,None,None,28,data16_comm.00296271.physics_HLT_IDCosmic.merge.RAW,296271,2022-04-20 18:43:56
None,None,1560736,None,2016-04-19 03:02:28,2016-04-18 20:13:54,None,None,None,42,data16_comm.00296278.calibration_LArCells.daq.RAW,296278,2022-04-20 18:44:05
None,None,18052488760,None,2016-04-19 03:02:29,2016-04-18 20:13:55,None,None,None,48,data16_comm.00296278.calibration_Tile.daq.RAW,296278,2022-04-20 18:44:04
None,None,516230224,None,2016-04-19 03:02:29,2016-04-18 20:13:56,None,None,None,775,data16_comm.00296278.physics_Main.daq.RAW,296278,2022-04-20 18:43:52
None,None,18753368,None,2016-04-19 04:42:56,2016-04-19 04:39:53,None,None,None,2,data16_comm.00296302.calibration_lucid.daq.RAW,296302,2022-04-20 18:43:49
None,None,1965665840,None,2016-04-19 07:16:11,2016-04-19 06:02:02,None,None,None,18,data16_comm.00296303.calibration_LArCellsEmpty.daq.RAW,296303,2022-04-20 18:43:48
None,None,157963700,None,2016-04-19 07:16:12,2016-04-19 06:02:04,None,None,None,257,data16_comm.00296303.physics_Main.daq.RAW,296303,2022-04-20 18:43:57
None,None,282346420,None,2016-04-19 21:10:33,2016-04-19 19:38:18,None,None,None,18,data16_comm.00296396.calibration_ALFACalib.daq.RAW,296396,2022-04-20 18:44:05
None,None,141056752,None,2016-04-19 21:23:43,2016-04-19 19:44:24,None,None,None,152,data16_comm.00296396.calibration_BeamSpot.merge.RAW,296396,2022-04-20 18:43:51
None,None,5153698236,None,2016-04-19 21:10:33,2016-04-19 19:38:19,None,None,None,18,data16_comm.00296396.calibration_Tile.daq.RAW,296396,2022-04-20 18:43:58
None,None,10126914976,None,2016-04-19 21:10:32,2016-04-19 19:29:11,None,None,None,10,data16_comm.00296396.calibration_lucid.daq.RAW,296396,2022-04-20 18:44:02
None,None,123294856,None,2016-04-19 21:23:43,2016-04-19 21:15:36,None,None,None,130,data16_comm.00296396.physics_Mistimed.merge.RAW,296396,2022-04-20 18:44:05
None,None,94515412512,None,2016-04-19 21:23:43,2016-04-19 19:41:22,None,None,None,162,data16_comm.00296396.physics_Standby.merge.RAW,296396,2022-04-20 18:43:51
None,None,690456716,None,2016-04-19 22:13:28,2016-04-19 22:06:22,None,None,None,2,data16_comm.00296417.physics_L1Calo.merge.RAW,296417,2022-04-20 18:43:41
None,None,221803344,None,2016-04-19 22:26:40,2016-04-19 22:23:36,None,None,None,1,data16_comm.00296418.physics_Background.merge.RAW,296418,2022-04-20 18:43:42
None,None,38023584,None,2016-04-19 22:45:59,2016-04-19 22:42:58,None,None,None,6,data16_comm.00296419.calibration_LArCellsEmpty.daq.RAW,296419,2022-04-20 18:43:53
None,None,1718668,None,2016-04-19 22:45:59,2016-04-19 22:42:58,None,None,None,2,data16_comm.00296419.calibration_LArNoiseBurst.daq.RAW,296419,2022-04-20 18:43:53
None,None,12451864,None,2016-04-19 22:45:59,2016-04-19 22:42:59,None,None,None,6,data16_comm.00296419.calibration_Tile.daq.RAW,296419,2022-04-20 18:43:53
None,None,2427296,None,2016-04-19 22:46:00,2016-04-19 22:42:59,None,None,None,3,data16_comm.00296419.physics_Main.daq.RAW,296419,2022-04-20 18:43:53
None,None,7061941780,None,2016-04-20 02:44:28,2016-04-20 00:19:19,None,None,None,24,data16_comm.00296421.calibration_Tile.daq.RAW,296421,2022-04-20 18:43:47
None,None,668690013848,None,2016-04-20 03:10:50,2016-04-20 00:16:14,None,None,None,236,data16_comm.00296421.physics_L1Calo.merge.RAW,296421,2022-04-20 18:43:52
None,None,20121548,None,2016-04-20 03:42:18,2016-04-20 03:39:13,None,None,None,6,data16_comm.00296426.calibration_ALFACalib.daq.RAW,296426,2022-04-20 18:43:50
None,None,2399625913372,None,2016-04-20 04:43:11,2016-04-20 03:39:15,None,None,None,963,data16_comm.00296426.physics_Background.merge.RAW,296426,2022-04-20 18:43:48
None,None,8945980,None,2016-04-20 05:31:48,2016-04-20 05:22:41,None,None,None,6,data16_comm.00296427.calibration_LArNoiseBurst.daq.RAW,296427,2022-04-20 18:43:46
None,None,34688400008,None,2016-04-20 05:47:06,2016-04-20 05:28:45,None,None,None,79,data16_comm.00296427.physics_Background.merge.RAW,296427,2022-04-20 18:43:58
None,None,12539968,None,2016-04-20 20:28:13,2016-04-20 20:25:04,None,None,None,28,data16_comm.00296594.physics_HLT_IDCosmic.merge.RAW,296594,2022-04-20 18:43:39
None,None,89751713324,None,2016-04-21 01:52:40,2016-04-20 21:56:20,None,None,None,293,data16_comm.00296609.physics_Background.merge.RAW,296609,2022-04-20 18:43:47
None,None,199563032,None,2016-04-21 01:52:42,2016-04-21 01:46:34,None,None,None,201,data16_comm.00296609.physics_Mistimed.merge.RAW,296609,2022-04-20 18:43:54
None,None,10672520740,None,2016-04-21 01:52:42,2016-04-20 21:56:22,None,None,None,284,data16_comm.00296609.physics_Standby.merge.RAW,296609,2022-04-20 18:43:43
